,angulo,seno
0,0.0,1.1228
1,0.01503,1.2682
2,0.03006,0.89018
3,0.04509,1.058
4,0.06012,1.049
5,0.07515,1.1499
6,0.09018,1.3281
7,0.10521,1.1932
8,0.12024,1.4103
9,0.13527,1.4457
10,0.1503,1.6852
11,0.16533,1.5739
12,0.18036,1.6165
13,0.19539,1.8148
14,0.21042,1.4276
15,0.22545,1.4672
16,0.24048,1.844
17,0.25551,1.8914
18,0.27054,1.7278
19,0.28557,1.8142
20,0.3006,2.0008
21,0.31563,2.1677
22,0.33066,1.9292
23,0.34569,1.9791
24,0.36072,2.2864
25,0.37575,1.8593
26,0.39078,2.3944
27,0.40581,2.1459
28,0.42084,2.2735
29,0.43587,2.3317
30,0.4509,2.2912
31,0.46593,2.4469
32,0.48096,2.4219
33,0.49599,2.1869
34,0.51102,2.2226
35,0.52605,2.854
36,0.54108,2.1359
37,0.55611,2.6953
38,0.57114,2.442
39,0.58617,2.593
40,0.6012,2.9364
41,0.61623,2.6986
42,0.63126,2.6693
43,0.64629,3.0611
44,0.66132,2.9354
45,0.67635,3.0563
46,0.69138,2.9834
47,0.70641,3.3595
48,0.72144,2.8154
49,0.73647,2.5585
50,0.7515,3.1663
51,0.76653,2.7081
52,0.78156,2.8662
53,0.79659,3.1898
54,0.81162,3.0936
55,0.82665,2.9071
56,0.84168,3.2551
57,0.85671,2.8818
58,0.87174,3.3234
59,0.88677,3.3173
60,0.9018,3.3017
61,0.91683,3.1241
62,0.93186,3.404
63,0.94689,3.4748
64,0.96192,3.3544
65,0.97695,3.3276
66,0.99198,3.8012
67,1.007,3.1503
68,1.022,3.7757
69,1.0371,3.7098
70,1.0521,3.5008
71,1.0671,3.5151
72,1.0822,3.6849
73,1.0972,3.8432
74,1.1122,3.7818
75,1.1273,4.0668
76,1.1423,3.9528
77,1.1573,3.5249
78,1.1723,3.7464
79,1.1874,3.6717
80,1.2024,4.1142
81,1.2174,3.5226
82,1.2325,4.0912
83,1.2475,3.8271
84,1.2625,3.8125
85,1.2776,3.8994
86,1.2926,3.9671
87,1.3076,3.9499
88,1.3226,3.8779
89,1.3377,4.0381
90,1.3527,3.9942
91,1.3677,3.8037
92,1.3828,3.4729
93,1.3978,3.6072
94,1.4128,3.8933
95,1.4279,3.9383
96,1.4429,3.9397
97,1.4579,4.063
98,1.4729,3.7584
99,1.488,3.9439
100,1.503,3.9176
101,1.518,4.035
102,1.5331,3.7854
103,1.5481,4.0571
104,1.5631,3.9268
105,1.5781,4.0504
106,1.5932,4.2076
107,1.6082,3.6513
108,1.6232,3.7592
109,1.6383,4.0585
110,1.6533,3.8681
111,1.6683,3.9451
112,1.6834,3.9554
113,1.6984,3.8321
114,1.7134,3.9701
115,1.7285,4.1513
116,1.7435,4.0403
117,1.7585,3.9445
118,1.7735,4.022
119,1.7886,3.7449
120,1.8036,3.7201
121,1.8186,4.0861
122,1.8337,4.0187
123,1.8487,3.8399
124,1.8637,3.9892
125,1.8787,4.0766
126,1.8938,3.8173
127,1.9088,4.0729
128,1.9238,3.9177
129,1.9389,4.026
130,1.9539,4.0206
131,1.9689,3.9387
132,1.984,3.7919
133,1.999,3.8896
134,2.014,3.8877
135,2.029,3.8555
136,2.0441,3.6689
137,2.0591,3.5852
138,2.0741,3.5013
139,2.0892,3.722
140,2.1042,3.8524
141,2.1192,3.4109
142,2.1343,3.7752
143,2.1493,3.2297
144,2.1643,3.8165
145,2.1793,3.1819
146,2.1944,3.4146
147,2.2094,3.6819
148,2.2244,3.0415
149,2.2395,3.0611
150,2.2545,3.6776
151,2.2695,3.0882
152,2.2846,3.161
153,2.2996,2.9984
154,2.3146,3.4772
155,2.3297,3.5798
156,2.3447,3.1906
157,2.3597,3.1762
158,2.3747,2.9884
159,2.3898,2.9156
160,2.4048,2.8065
161,2.4198,3.0255
162,2.4349,2.9798
163,2.4499,3.0462
164,2.4649,2.7427
165,2.48,2.8292
166,2.495,2.8519
167,2.51,2.8934
168,2.525,2.8644
169,2.5401,2.7788
170,2.5551,2.7678
171,2.5701,2.9354
172,2.5852,2.6594
173,2.6002,2.4393
174,2.6152,2.2966
175,2.6303,2.4816
176,2.6453,2.507
177,2.6603,2.3135
178,2.6753,2.6723
179,2.6904,2.3182
180,2.7054,2.0815
181,2.7204,2.3771
182,2.7355,2.0692
183,2.7505,2.1207
184,2.7655,2.439
185,2.7805,2.3755
186,2.7956,2.2599
187,2.8106,1.5754
188,2.8256,1.6409
189,2.8407,2.3425
190,2.8557,1.7661
191,2.8707,1.495
192,2.8858,1.9052
193,2.9008,1.7784
194,2.9158,1.9644
195,2.9309,1.7773
196,2.9459,1.55
197,2.9609,1.6674
198,2.9759,1.7336
199,2.991,1.4683
200,3.006,1.8267
201,3.021,1.3218
202,3.0361,1.1075
203,3.0511,1.1479
204,3.0661,1.3417
205,3.0812,1.0738
206,3.0962,0.99577
207,3.1112,1.1797
208,3.1262,1.122
209,3.1413,1.0873
210,3.1563,0.63869
211,3.1713,0.62808
212,3.1864,0.7676
213,3.2014,0.87698
214,3.2164,0.55767
215,3.2315,0.89553
216,3.2465,0.64196
217,3.2615,0.53078
218,3.2765,0.86671
219,3.2916,0.69637
220,3.3066,0.32725
221,3.3216,0.71041
222,3.3367,0.25115
223,3.3517,0.046701
224,3.3667,0.39307
225,3.3817,0.5232
226,3.3968,0.30276
227,3.4118,0.30045
228,3.4268,-0.030387
229,3.4419,0.20164
230,3.4569,0.15357
231,3.4719,-0.00019096
232,3.487,0.27009
233,3.502,0.013888
234,3.517,-0.14456
235,3.532,-0.22993
236,3.5471,0.16789
237,3.5621,-0.046465
238,3.5771,0.14109
239,3.5922,-0.49269
240,3.6072,-0.40494
241,3.6222,-0.32
242,3.6373,-0.58719
243,3.6523,-0.73877
244,3.6673,-0.14518
245,3.6824,-0.52522
246,3.6974,-1.148
247,3.7124,-0.44702
248,3.7274,-0.47409
249,3.7425,-0.64954
250,3.7575,-0.46128
251,3.7725,-1.0047
252,3.7876,-0.90201
253,3.8026,-0.76189
254,3.8176,-0.90292
255,3.8327,-1.1409
256,3.8477,-0.59596
257,3.8627,-0.81051
258,3.8777,-1.0991
259,3.8928,-1.3604
260,3.9078,-0.83255
261,3.9228,-1.1773
262,3.9379,-1.3633
263,3.9529,-1.212
264,3.9679,-1.0059
265,3.9829,-1.022
266,3.998,-1.578
267,4.013,-1.635
268,4.028,-1.2876
269,4.0431,-1.4664
270,4.0581,-1.3551
271,4.0731,-1.1963
272,4.0882,-1.6178
273,4.1032,-1.2778
274,4.1182,-1.9489
275,4.1333,-1.6767
276,4.1483,-1.5133
277,4.1633,-1.4428
278,4.1783,-1.1847
279,4.1934,-1.4587
280,4.2084,-1.6894
281,4.2234,-2.1917
282,4.2385,-1.7328
283,4.2535,-1.9632
284,4.2685,-1.8077
285,4.2836,-1.806
286,4.2986,-1.9375
287,4.3136,-1.7091
288,4.3286,-1.5388
289,4.3437,-1.7764
290,4.3587,-1.8861
291,4.3737,-1.7477
292,4.3888,-1.6657
293,4.4038,-1.7753
294,4.4188,-2.163
295,4.4338,-2.1219
296,4.4489,-2.1214
297,4.4639,-1.9732
298,4.4789,-1.7252
299,4.494,-1.946
300,4.509,-1.77
301,4.524,-1.807
302,4.5391,-2.2151
303,4.5541,-1.9705
304,4.5691,-1.8595
305,4.5842,-1.7035
306,4.5992,-2.1898
307,4.6142,-1.9702
308,4.6292,-2.1619
309,4.6443,-2.1695
310,4.6593,-2.0678
311,4.6743,-2.0825
312,4.6894,-2.087
313,4.7044,-2.091
314,4.7194,-1.8542
315,4.7344,-1.9512
316,4.7495,-2.2244
317,4.7645,-1.8988
318,4.7795,-1.9129
319,4.7946,-2.2539
320,4.8096,-1.6661
321,4.8246,-1.8924
322,4.8397,-1.7576
323,4.8547,-1.9576
324,4.8697,-2.2255
325,4.8848,-1.8752
326,4.8998,-1.7742
327,4.9148,-1.7033
328,4.9298,-2.1691
329,4.9449,-1.9765
330,4.9599,-1.9018
331,4.9749,-1.7566
332,4.99,-1.9134
333,5.005,-2.0386
334,5.02,-1.9591
335,5.0351,-1.6761
336,5.0501,-1.8011
337,5.0651,-1.9308
338,5.0801,-1.7769
339,5.0952,-1.7434
340,5.1102,-1.4006
341,5.1252,-2.0133
342,5.1403,-2.2006
343,5.1553,-1.9094
344,5.1703,-1.5766
345,5.1853,-1.878
346,5.2004,-1.5257
347,5.2154,-1.5074
348,5.2304,-1.5525
349,5.2455,-1.7237
350,5.2605,-1.5236
351,5.2755,-1.4467
352,5.2906,-1.6687
353,5.3056,-1.5184
354,5.3206,-1.5063
355,5.3357,-1.646
356,5.3507,-1.3619
357,5.3657,-1.4975
358,5.3807,-1.3956
359,5.3958,-1.3726
360,5.4108,-1.2243
361,5.4258,-1.3813
362,5.4409,-1.1274
363,5.4559,-1.4132
364,5.4709,-1.2227
365,5.4859,-0.92249
366,5.501,-0.85259
367,5.516,-1.3434
368,5.531,-1.0702
369,5.5461,-1.059
370,5.5611,-0.95097
371,5.5761,-0.78236
372,5.5912,-1.0649
373,5.6062,-0.99334
374,5.6212,-0.82682
375,5.6363,-0.9567
376,5.6513,-1.0478
377,5.6663,-1.2158
378,5.6813,-0.72561
379,5.6964,-0.92495
380,5.7114,-0.59874
381,5.7264,-0.52733
382,5.7415,-0.52028
383,5.7565,-0.57736
384,5.7715,-0.65768
385,5.7866,-0.57277
386,5.8016,-0.54015
387,5.8166,-0.16608
388,5.8316,-0.43993
389,5.8467,-0.13285
390,5.8617,0.065966
391,5.8767,0.026963
392,5.8918,-0.68881
393,5.9068,-0.14881
394,5.9218,0.091738
395,5.9368,-0.022259
396,5.9519,0.41605
397,5.9669,0.27366
398,5.9819,0.22471
399,5.997,0.40386
400,6.29,1.1228
401,6.30503,1.2682
402,6.32006,0.89018
403,6.33509,1.058
404,6.35012,1.049
405,6.36515,1.1499
406,6.38018,1.3281
407,6.39521,1.1932
408,6.41024,1.4103
409,6.42527,1.4457
410,6.4403,1.6852
411,6.45533,1.5739
412,6.47036,1.6165
413,6.48539,1.8148
414,6.50042,1.4276
415,6.51545,1.4672
416,6.53048,1.844
417,6.54551,1.8914
418,6.56054,1.7278
419,6.57557,1.8142
420,6.5906,2.0008
421,6.60563,2.1677
422,6.62066,1.9292
423,6.63569,1.9791
424,6.65072,2.2864
425,6.66575,1.8593
426,6.68078,2.3944
427,6.69581,2.1459
428,6.71084,2.2735
429,6.7258700000000005,2.3317
430,6.7409,2.2912
431,6.75593,2.4469
432,6.77096,2.4219
433,6.78599,2.1869
434,6.80102,2.2226
435,6.81605,2.854
436,6.83108,2.1359
437,6.84611,2.6953
438,6.86114,2.442
439,6.87617,2.593
440,6.8911999999999995,2.9364
441,6.90623,2.6986
442,6.92126,2.6693
443,6.93629,3.0611
444,6.95132,2.9354
445,6.96635,3.0563
446,6.98138,2.9834
447,6.99641,3.3595
448,7.01144,2.8154
449,7.02647,2.5585
450,7.0415,3.1663
451,7.05653,2.7081
452,7.07156,2.8662
453,7.08659,3.1898
454,7.1016200000000005,3.0936
455,7.11665,2.9071
456,7.13168,3.2551
457,7.14671,2.8818
458,7.16174,3.3234
459,7.17677,3.3173
460,7.1918,3.3017
461,7.20683,3.1241
462,7.22186,3.404
463,7.23689,3.4748
464,7.25192,3.3544
465,7.26695,3.3276
466,7.28198,3.8012
467,7.297,3.1503
468,7.312,3.7757
469,7.3271,3.7098
470,7.3421,3.5008
471,7.3571,3.5151
472,7.3722,3.6849
473,7.3872,3.8432
474,7.402200000000001,3.7818
475,7.4173,4.0668
476,7.4323,3.9528
477,7.4473,3.5249
478,7.4623,3.7464
479,7.4774,3.6717
480,7.4924,4.1142
481,7.5074000000000005,3.5226
482,7.5225,4.0912
483,7.5375,3.8271
484,7.5525,3.8125
485,7.5676000000000005,3.8994
486,7.5826,3.9671
487,7.5976,3.9499
488,7.6126000000000005,3.8779
489,7.6277,4.0381
490,7.6427,3.9942
491,7.6577,3.8037
492,7.6728000000000005,3.4729
493,7.6878,3.6072
494,7.7028,3.8933
495,7.7179,3.9383
496,7.7329,3.9397
497,7.7479,4.063
498,7.7629,3.7584
499,7.7780000000000005,3.9439
500,7.793,3.9176
501,7.808,4.035
502,7.8231,3.7854
503,7.8381,4.0571
504,7.8530999999999995,3.9268
505,7.8681,4.0504
506,7.8832,4.2076
507,7.8982,3.6513
508,7.9132,3.7592
509,7.9283,4.0585
510,7.9433,3.8681
511,7.9582999999999995,3.9451
512,7.9734,3.9554
513,7.9884,3.8321
514,8.0034,3.9701
515,8.0185,4.1513
516,8.0335,4.0403
517,8.0485,3.9445
518,8.0635,4.022
519,8.0786,3.7449
520,8.0936,3.7201
521,8.1086,4.0861
522,8.1237,4.0187
523,8.1387,3.8399
524,8.1537,3.9892
525,8.1687,4.0766
526,8.1838,3.8173
527,8.1988,4.0729
528,8.213799999999999,3.9177
529,8.2289,4.026
530,8.2439,4.0206
531,8.2589,3.9387
532,8.274000000000001,3.7919
533,8.289,3.8896
534,8.304,3.8877
535,8.318999999999999,3.8555
536,8.3341,3.6689
537,8.3491,3.5852
538,8.3641,3.5013
539,8.3792,3.722
540,8.3942,3.8524
541,8.4092,3.4109
542,8.4243,3.7752
543,8.4393,3.2297
544,8.4543,3.8165
545,8.4693,3.1819
546,8.4844,3.4146
547,8.4994,3.6819
548,8.5144,3.0415
549,8.5295,3.0611
550,8.5445,3.6776
551,8.5595,3.0882
552,8.5746,3.161
553,8.5896,2.9984
554,8.6046,3.4772
555,8.6197,3.5798
556,8.6347,3.1906
557,8.6497,3.1762
558,8.6647,2.9884
559,8.6798,2.9156
560,8.6948,2.8065
561,8.7098,3.0255
562,8.7249,2.9798
563,8.7399,3.0462
564,8.7549,2.7427
565,8.77,2.8292
566,8.785,2.8519
567,8.8,2.8934
568,8.815,2.8644
569,8.8301,2.7788
570,8.8451,2.7678
571,8.8601,2.9354
572,8.8752,2.6594
573,8.8902,2.4393
574,8.9052,2.2966
575,8.920300000000001,2.4816
576,8.9353,2.507
577,8.9503,2.3135
578,8.9653,2.6723
579,8.9804,2.3182
580,8.9954,2.0815
581,9.0104,2.3771
582,9.025500000000001,2.0692
583,9.0405,2.1207
584,9.0555,2.439
585,9.0705,2.3755
586,9.0856,2.2599
587,9.1006,1.5754
588,9.1156,1.6409
589,9.130700000000001,2.3425
590,9.1457,1.7661
591,9.1607,1.495
592,9.1758,1.9052
593,9.1908,1.7784
594,9.2058,1.9644
595,9.2209,1.7773
596,9.2359,1.55
597,9.2509,1.6674
598,9.2659,1.7336
599,9.281,1.4683
600,9.296,1.8267
601,9.311,1.3218
602,9.3261,1.1075
603,9.3411,1.1479
604,9.3561,1.3417
605,9.3712,1.0738
606,9.3862,0.99577
607,9.4012,1.1797
608,9.4162,1.122
609,9.4313,1.0873
610,9.4463,0.63869
611,9.4613,0.62808
612,9.4764,0.7676
613,9.4914,0.87698
614,9.5064,0.55767
615,9.5215,0.89553
616,9.5365,0.64196
617,9.5515,0.53078
618,9.5665,0.86671
619,9.5816,0.69637
620,9.5966,0.32725
621,9.6116,0.71041
622,9.6267,0.25115
623,9.6417,0.046701
624,9.6567,0.39307
625,9.6717,0.5232
626,9.6868,0.30276
627,9.7018,0.30045
628,9.7168,-0.030387
629,9.7319,0.20164
630,9.7469,0.15357
631,9.7619,-0.00019096
632,9.777000000000001,0.27009
633,9.792,0.013888
634,9.807,-0.14456
635,9.822,-0.22993
636,9.8371,0.16789
637,9.8521,-0.046465
638,9.8671,0.14109
639,9.882200000000001,-0.49269
640,9.8972,-0.40494
641,9.9122,-0.32
642,9.9273,-0.58719
643,9.9423,-0.73877
644,9.9573,-0.14518
645,9.9724,-0.52522
646,9.987400000000001,-1.148
647,10.0024,-0.44702
648,10.0174,-0.47409
649,10.0325,-0.64954
650,10.0475,-0.46128
651,10.0625,-1.0047
652,10.0776,-0.90201
653,10.092600000000001,-0.76189
654,10.1076,-0.90292
655,10.1227,-1.1409
656,10.1377,-0.59596
657,10.1527,-0.81051
658,10.1677,-1.0991
659,10.1828,-1.3604
660,10.1978,-0.83255
661,10.2128,-1.1773
662,10.2279,-1.3633
663,10.2429,-1.212
664,10.2579,-1.0059
665,10.2729,-1.022
666,10.288,-1.578
667,10.303,-1.635
668,10.318,-1.2876
669,10.3331,-1.4664
670,10.348099999999999,-1.3551
671,10.3631,-1.1963
672,10.3782,-1.6178
673,10.3932,-1.2778
674,10.4082,-1.9489
675,10.423300000000001,-1.6767
676,10.4383,-1.5133
677,10.453299999999999,-1.4428
678,10.4683,-1.1847
679,10.4834,-1.4587
680,10.4984,-1.6894
681,10.5134,-2.1917
682,10.528500000000001,-1.7328
683,10.5435,-1.9632
684,10.5585,-1.8077
685,10.573599999999999,-1.806
686,10.5886,-1.9375
687,10.6036,-1.7091
688,10.6186,-1.5388
689,10.633700000000001,-1.7764
690,10.6487,-1.8861
691,10.6637,-1.7477
692,10.678799999999999,-1.6657
693,10.6938,-1.7753
694,10.7088,-2.163
695,10.7238,-2.1219
696,10.738900000000001,-2.1214
697,10.7539,-1.9732
698,10.7689,-1.7252
699,10.783999999999999,-1.946
700,10.799,-1.77
701,10.814,-1.807
702,10.8291,-2.2151
703,10.844100000000001,-1.9705
704,10.8591,-1.8595
705,10.8742,-1.7035
706,10.889199999999999,-2.1898
707,10.9042,-1.9702
708,10.9192,-2.1619
709,10.9343,-2.1695
710,10.949300000000001,-2.0678
711,10.9643,-2.0825
712,10.9794,-2.087
713,10.994399999999999,-2.091
714,11.0094,-1.8542
715,11.0244,-1.9512
716,11.0395,-2.2244
717,11.0545,-1.8988
718,11.0695,-1.9129
719,11.0846,-2.2539
720,11.099599999999999,-1.6661
721,11.1146,-1.8924
722,11.1297,-1.7576
723,11.1447,-1.9576
724,11.1597,-2.2255
725,11.174800000000001,-1.8752
726,11.1898,-1.7742
727,11.204799999999999,-1.7033
728,11.2198,-2.1691
729,11.2349,-1.9765
730,11.2499,-1.9018
731,11.2649,-1.7566
732,11.280000000000001,-1.9134
733,11.295,-2.0386
734,11.309999999999999,-1.9591
735,11.325099999999999,-1.6761
736,11.3401,-1.8011
737,11.3551,-1.9308
738,11.3701,-1.7769
739,11.385200000000001,-1.7434
740,11.4002,-1.4006
741,11.4152,-2.0133
742,11.430299999999999,-2.2006
743,11.4453,-1.9094
744,11.4603,-1.5766
745,11.4753,-1.878
746,11.490400000000001,-1.5257
747,11.5054,-1.5074
748,11.5204,-1.5525
749,11.535499999999999,-1.7237
750,11.5505,-1.5236
751,11.5655,-1.4467
752,11.5806,-1.6687
753,11.595600000000001,-1.5184
754,11.6106,-1.5063
755,11.6257,-1.646
756,11.640699999999999,-1.3619
757,11.6557,-1.4975
758,11.6707,-1.3956
759,11.6858,-1.3726
760,11.700800000000001,-1.2243
761,11.7158,-1.3813
762,11.7309,-1.1274
763,11.745899999999999,-1.4132
764,11.7609,-1.2227
765,11.7759,-0.92249
766,11.791,-0.85259
767,11.806000000000001,-1.3434
768,11.821,-1.0702
769,11.8361,-1.059
770,11.851099999999999,-0.95097
771,11.8661,-0.78236
772,11.8812,-1.0649
773,11.8962,-0.99334
774,11.911200000000001,-0.82682
775,11.926300000000001,-0.9567
776,11.9413,-1.0478
777,11.956299999999999,-1.2158
778,11.9713,-0.72561
779,11.9864,-0.92495
780,12.0014,-0.59874
781,12.0164,-0.52733
782,12.031500000000001,-0.52028
783,12.0465,-0.57736
784,12.061499999999999,-0.65768
785,12.0766,-0.57277
786,12.0916,-0.54015
787,12.1066,-0.16608
788,12.1216,-0.43993
789,12.136700000000001,-0.13285
790,12.1517,0.065966
791,12.166699999999999,0.026963
792,12.181799999999999,-0.68881
793,12.1968,-0.14881
794,12.2118,0.091738
795,12.2268,-0.022259
796,12.241900000000001,0.41605
797,12.2569,0.27366
798,12.2719,0.22471
799,12.286999999999999,0.40386
800,12.58,1.1228
801,12.595030000000001,1.2682
802,12.61006,0.89018
803,12.62509,1.058
804,12.64012,1.049
805,12.655149999999999,1.1499
806,12.67018,1.3281
807,12.68521,1.1932
808,12.70024,1.4103
809,12.71527,1.4457
810,12.7303,1.6852
811,12.74533,1.5739
812,12.76036,1.6165
813,12.77539,1.8148
814,12.790420000000001,1.4276
815,12.80545,1.4672
816,12.82048,1.844
817,12.83551,1.8914
818,12.850539999999999,1.7278
819,12.86557,1.8142
820,12.880600000000001,2.0008
821,12.89563,2.1677
822,12.91066,1.9292
823,12.92569,1.9791
824,12.940719999999999,2.2864
825,12.95575,1.8593
826,12.970780000000001,2.3944
827,12.98581,2.1459
828,13.00084,2.2735
829,13.01587,2.3317
830,13.030899999999999,2.2912
831,13.04593,2.4469
832,13.06096,2.4219
833,13.075990000000001,2.1869
834,13.09102,2.2226
835,13.10605,2.854
836,13.12108,2.1359
837,13.13611,2.6953
838,13.15114,2.442
839,13.166170000000001,2.593
840,13.1812,2.9364
841,13.19623,2.6986
842,13.21126,2.6693
843,13.226289999999999,3.0611
844,13.24132,2.9354
845,13.256350000000001,3.0563
846,13.27138,2.9834
847,13.28641,3.3595
848,13.30144,2.8154
849,13.316469999999999,2.5585
850,13.3315,3.1663
851,13.346530000000001,2.7081
852,13.36156,2.8662
853,13.37659,3.1898
854,13.39162,3.0936
855,13.406649999999999,2.9071
856,13.42168,3.2551
857,13.43671,2.8818
858,13.451740000000001,3.3234
859,13.46677,3.3173
860,13.4818,3.3017
861,13.49683,3.1241
862,13.51186,3.404
863,13.52689,3.4748
864,13.541920000000001,3.3544
865,13.55695,3.3276
866,13.57198,3.8012
867,13.587,3.1503
868,13.602,3.7757
869,13.6171,3.7098
870,13.632100000000001,3.5008
871,13.6471,3.5151
872,13.6622,3.6849
873,13.6772,3.8432
874,13.6922,3.7818
875,13.7073,4.0668
876,13.7223,3.9528
877,13.737300000000001,3.5249
878,13.7523,3.7464
879,13.7674,3.6717
880,13.782399999999999,4.1142
881,13.7974,3.5226
882,13.8125,4.0912
883,13.8275,3.8271
884,13.842500000000001,3.8125
885,13.857600000000001,3.8994
886,13.8726,3.9671
887,13.887599999999999,3.9499
888,13.9026,3.8779
889,13.9177,4.0381
890,13.9327,3.9942
891,13.947700000000001,3.8037
892,13.962800000000001,3.4729
893,13.9778,3.6072
894,13.992799999999999,3.8933
895,14.0079,3.9383
896,14.0229,3.9397
897,14.0379,4.063
898,14.052900000000001,3.7584
899,14.068000000000001,3.9439
900,14.083,3.9176
901,14.097999999999999,4.035
902,14.1131,3.7854
903,14.1281,4.0571
904,14.1431,3.9268
905,14.158100000000001,4.0504
906,14.173200000000001,4.2076
907,14.1882,3.6513
908,14.203199999999999,3.7592
909,14.2183,4.0585
910,14.2333,3.8681
911,14.2483,3.9451
912,14.2634,3.9554
913,14.278400000000001,3.8321
914,14.293399999999998,3.9701
915,14.308499999999999,4.1513
916,14.3235,4.0403
917,14.3385,3.9445
918,14.3535,4.022
919,14.3686,3.7449
920,14.383600000000001,3.7201
921,14.398599999999998,4.0861
922,14.413699999999999,4.0187
923,14.4287,3.8399
924,14.4437,3.9892
925,14.4587,4.0766
926,14.4738,3.8173
927,14.488800000000001,4.0729
928,14.503799999999998,3.9177
929,14.518899999999999,4.026
930,14.5339,4.0206
931,14.5489,3.9387
932,14.564,3.7919
933,14.579,3.8896
934,14.594000000000001,3.8877
935,14.608999999999998,3.8555
936,14.624099999999999,3.6689
937,14.6391,3.5852
938,14.6541,3.5013
939,14.6692,3.722
940,14.6842,3.8524
941,14.699200000000001,3.4109
942,14.714300000000001,3.7752
943,14.729299999999999,3.2297
944,14.744299999999999,3.8165
945,14.7593,3.1819
946,14.7744,3.4146
947,14.7894,3.6819
948,14.804400000000001,3.0415
949,14.819500000000001,3.0611
950,14.834499999999998,3.6776
951,14.849499999999999,3.0882
952,14.8646,3.161
953,14.8796,2.9984
954,14.8946,3.4772
955,14.9097,3.5798
956,14.924700000000001,3.1906
957,14.939699999999998,3.1762
958,14.954699999999999,2.9884
959,14.9698,2.9156
960,14.9848,2.8065
961,14.9998,3.0255
962,15.0149,2.9798
963,15.029900000000001,3.0462
964,15.044899999999998,2.7427
965,15.059999999999999,2.8292
966,15.075,2.8519
967,15.09,2.8934
968,15.105,2.8644
969,15.1201,2.7788
970,15.135100000000001,2.7678
971,15.150099999999998,2.9354
972,15.165199999999999,2.6594
973,15.1802,2.4393
974,15.1952,2.2966
975,15.2103,2.4816
976,15.2253,2.507
977,15.240300000000001,2.3135
978,15.255299999999998,2.6723
979,15.270399999999999,2.3182
980,15.2854,2.0815
981,15.3004,2.3771
982,15.3155,2.0692
983,15.3305,2.1207
984,15.345500000000001,2.439
985,15.360499999999998,2.3755
986,15.375599999999999,2.2599
987,15.3906,1.5754
988,15.4056,1.6409
989,15.4207,2.3425
990,15.4357,1.7661
991,15.450700000000001,1.495
992,15.465800000000002,1.9052
993,15.480799999999999,1.7784
994,15.4958,1.9644
995,15.5109,1.7773
996,15.5259,1.55
997,15.5409,1.6674
998,15.555900000000001,1.7336
999,15.571000000000002,1.4683
1000,15.585999999999999,1.8267
1001,15.600999999999999,1.3218
1002,15.6161,1.1075
1003,15.6311,1.1479
1004,15.6461,1.3417
1005,15.661200000000001,1.0738
1006,15.676200000000001,0.99577
1007,15.691199999999998,1.1797
1008,15.706199999999999,1.122
1009,15.7213,1.0873
1010,15.7363,0.63869
1011,15.7513,0.62808
1012,15.7664,0.7676
1013,15.781400000000001,0.87698
1014,15.796399999999998,0.55767
1015,15.811499999999999,0.89553
1016,15.8265,0.64196
1017,15.8415,0.53078
1018,15.8565,0.86671
1019,15.8716,0.69637
1020,15.886600000000001,0.32725
1021,15.901599999999998,0.71041
1022,15.916699999999999,0.25115
1023,15.9317,0.046701
1024,15.9467,0.39307
1025,15.9617,0.5232
1026,15.9768,0.30276
1027,15.991800000000001,0.30045
1028,16.0068,-0.030387
1029,16.0219,0.20164
1030,16.0369,0.15357
1031,16.0519,-0.00019096
1032,16.067,0.27009
1033,16.082,0.013888
1034,16.097,-0.14456
1035,16.112,-0.22993
1036,16.1271,0.16789
1037,16.1421,-0.046465
1038,16.1571,0.14109
1039,16.1722,-0.49269
1040,16.1872,-0.40494
1041,16.2022,-0.32
1042,16.2173,-0.58719
1043,16.2323,-0.73877
1044,16.2473,-0.14518
1045,16.2624,-0.52522
1046,16.2774,-1.148
1047,16.2924,-0.44702
1048,16.3074,-0.47409
1049,16.3225,-0.64954
1050,16.3375,-0.46128
1051,16.3525,-1.0047
1052,16.3676,-0.90201
1053,16.3826,-0.76189
1054,16.3976,-0.90292
1055,16.4127,-1.1409
1056,16.4277,-0.59596
1057,16.4427,-0.81051
1058,16.4577,-1.0991
1059,16.4728,-1.3604
1060,16.4878,-0.83255
1061,16.5028,-1.1773
1062,16.5179,-1.3633
1063,16.5329,-1.212
1064,16.5479,-1.0059
1065,16.5629,-1.022
1066,16.578,-1.578
1067,16.593,-1.635
1068,16.608,-1.2876
1069,16.6231,-1.4664
1070,16.638099999999998,-1.3551
1071,16.6531,-1.1963
1072,16.6682,-1.6178
1073,16.6832,-1.2778
1074,16.6982,-1.9489
1075,16.7133,-1.6767
1076,16.7283,-1.5133
1077,16.743299999999998,-1.4428
1078,16.7583,-1.1847
1079,16.7734,-1.4587
1080,16.7884,-1.6894
1081,16.8034,-2.1917
1082,16.8185,-1.7328
1083,16.8335,-1.9632
1084,16.8485,-1.8077
1085,16.863599999999998,-1.806
1086,16.8786,-1.9375
1087,16.8936,-1.7091
1088,16.9086,-1.5388
1089,16.9237,-1.7764
1090,16.9387,-1.8861
1091,16.9537,-1.7477
1092,16.968799999999998,-1.6657
1093,16.9838,-1.7753
1094,16.9988,-2.163
1095,17.0138,-2.1219
1096,17.0289,-2.1214
1097,17.0439,-1.9732
1098,17.0589,-1.7252
1099,17.073999999999998,-1.946
1100,17.089,-1.77
1101,17.104,-1.807
1102,17.1191,-2.2151
1103,17.1341,-1.9705
1104,17.1491,-1.8595
1105,17.1642,-1.7035
1106,17.179199999999998,-2.1898
1107,17.1942,-1.9702
1108,17.2092,-2.1619
1109,17.2243,-2.1695
1110,17.2393,-2.0678
1111,17.2543,-2.0825
1112,17.2694,-2.087
1113,17.284399999999998,-2.091
1114,17.2994,-1.8542
1115,17.3144,-1.9512
1116,17.3295,-2.2244
1117,17.3445,-1.8988
1118,17.3595,-1.9129
1119,17.3746,-2.2539
1120,17.389599999999998,-1.6661
1121,17.4046,-1.8924
1122,17.4197,-1.7576
1123,17.4347,-1.9576
1124,17.4497,-2.2255
1125,17.4648,-1.8752
1126,17.4798,-1.7742
1127,17.494799999999998,-1.7033
1128,17.5098,-2.1691
1129,17.5249,-1.9765
1130,17.5399,-1.9018
1131,17.5549,-1.7566
1132,17.57,-1.9134
1133,17.585,-2.0386
1134,17.599999999999998,-1.9591
1135,17.615099999999998,-1.6761
1136,17.6301,-1.8011
1137,17.6451,-1.9308
1138,17.6601,-1.7769
1139,17.6752,-1.7434
1140,17.6902,-1.4006
1141,17.7052,-2.0133
1142,17.720299999999998,-2.2006
1143,17.7353,-1.9094
1144,17.7503,-1.5766
1145,17.7653,-1.878
1146,17.7804,-1.5257
1147,17.7954,-1.5074
1148,17.8104,-1.5525
1149,17.825499999999998,-1.7237
1150,17.8405,-1.5236
1151,17.8555,-1.4467
1152,17.8706,-1.6687
1153,17.8856,-1.5184
1154,17.9006,-1.5063
1155,17.9157,-1.646
1156,17.930699999999998,-1.3619
1157,17.9457,-1.4975
1158,17.9607,-1.3956
1159,17.9758,-1.3726
1160,17.9908,-1.2243
1161,18.0058,-1.3813
1162,18.0209,-1.1274
1163,18.035899999999998,-1.4132
1164,18.0509,-1.2227
1165,18.0659,-0.92249
1166,18.081,-0.85259
1167,18.096,-1.3434
1168,18.111,-1.0702
1169,18.1261,-1.059
1170,18.141099999999998,-0.95097
1171,18.1561,-0.78236
1172,18.1712,-1.0649
1173,18.1862,-0.99334
1174,18.2012,-0.82682
1175,18.2163,-0.9567
1176,18.2313,-1.0478
1177,18.246299999999998,-1.2158
1178,18.2613,-0.72561
1179,18.2764,-0.92495
1180,18.2914,-0.59874
1181,18.3064,-0.52733
1182,18.3215,-0.52028
1183,18.3365,-0.57736
1184,18.351499999999998,-0.65768
1185,18.3666,-0.57277
1186,18.3816,-0.54015
1187,18.3966,-0.16608
1188,18.4116,-0.43993
1189,18.4267,-0.13285
1190,18.4417,0.065966
1191,18.456699999999998,0.026963
1192,18.471799999999998,-0.68881
1193,18.4868,-0.14881
1194,18.5018,0.091738
1195,18.5168,-0.022259
1196,18.5319,0.41605
1197,18.5469,0.27366
1198,18.5619,0.22471
1199,18.576999999999998,0.40386
